"daily_screen_time_min","num_app_switches","sleep_hours","notification_count","social_media_time_min","focus_score","mood_score","anxiety_level","digital_wellbeing_score"
"389.8","53","5.9","89","133.2","6.8","8.9","10","44.8"
"351.7","52","7.2","79","109.5","5.5","9.4","10","43.6"
"398.9","39","8","108","84.7","6.7","9.4","9.4","52.6"
"451.4","44","6.5","78","88.9","6","9.4","5.1","58.4"
"346","43","6.9","35","78.8","8.2","9.4","8","59.7"
"346","38","8.5","111","82.6","7.4","9.9","7.8","61.6"
"454.8","40","6.8","57","117","7.3","9.2","10","49.7"
"406","57","9.6","63","87.8","7.6","9.3","9.8","59.9"
"331.8","42","7.2","65","150.7","6.9","10","8.5","53.6"
"392.6","63","4.4","114","186.9","7.2","7.6","10","41.8"
"332.2","51","7.4","26","93.9","8.1","8.5","6.2","66"
"332.1","56","7","158","130.8","6.1","9.1","10","45.2"
"374.5","46","8","106","142.5","7.3","8.9","10","53.5"
"245.2","50","7.3","85","141.2","6.8","9.5","10","49"
"256.5","40","6.3","78","123.4","7.1","8.2","7.9","54"
"326.3","45","5","87","153.4","6.8","8","10","42.4"
"299.2","42","6.2","93","141.7","7","8.9","10","46.6"
"378.9","51","5.5","96","64.3","6.2","8.6","10","41.3"
"305.5","46","5.8","93","159.1","7.7","8.8","10","48.3"
"275.3","46","7.2","82","159.9","7.2","9.6","10","50.5"
